Position,Company,Location,URL
[HYBE] 데이터분석의 전체 세부 정보,하이브,서울 용산구,https://kr.indeed.com/rc/clk?jk=d67a27d5fe57ede4&fccid=55c46c15186153ee&vjs=3
윈도우개발 경력직(3년이상) / 의료인공지능 솔루션업체의 전체 세부 정보,유어사이드,서울 서초구,https://kr.indeed.com/rc/clk?jk=a986ab036f196669&fccid=7fbfdab84162f4af&vjs=3
백엔드 개발자(Python)의 전체 세부 정보,NHN DATA,성남 판교역,https://kr.indeed.com/rc/clk?jk=e764b919165b8d3e&fccid=a72ebaf825acf7af&vjs=3
[위메프서비스] 서비스 백엔드 주니어 개발자의 전체 세부 정보,위메프,대한민국,https://kr.indeed.com/rc/clk?jk=4bbe98923e49db2e&fccid=2f8799a5ef214646&vjs=3
AI Solution 서버 개발자 정규직 채용의 전체 세부 정보,KPMG-Korea,대한민국,https://kr.indeed.com/rc/clk?jk=ea451a4177a9fa48&fccid=2dd390c3a48a7ed0&vjs=3
[신입] 서버 엔지니어 (Python)의 전체 세부 정보,페이히어,서울 강남구,https://kr.indeed.com/rc/clk?jk=fb69276e57f3c312&fccid=254f50a1adb01cad&vjs=3
CTO 영입의 전체 세부 정보,투이 컨설팅,대한민국,https://kr.indeed.com/rc/clk?jk=9cfa77d3af687ca2&fccid=d419a5149f49c794&vjs=3
Developer / Designer recruit의 전체 세부 정보,마이뮤직테이스트,서울 논현동,https://kr.indeed.com/rc/clk?jk=55a19c92c845685e&fccid=74d05cee5b52f133&vjs=3
항엑소좀 연구개발 엔지니어의 전체 세부 정보,스마트챌런지,서울 금천구,https://kr.indeed.com/rc/clk?jk=8b0c655530b25af3&fccid=0108b497f3fbd527&vjs=3
[아키텍처팀] AI엔지니어의 전체 세부 정보,씨에스리,서울 마포구,https://kr.indeed.com/rc/clk?jk=a6f81df478f46938&fccid=f1f32cf969091a05&vjs=3
S/W 개발자(응용소프트웨어 개발자)의 전체 세부 정보,아디아랩,부산 해운대구,https://kr.indeed.com/rc/clk?jk=55de7d586aaef374&fccid=0f73b8e9c6b3277f&vjs=3
플라스크(Flask) 프레임워크 사용경력자  파이썬  빅데이터 분석가의 전체 세부 정보,하가,경상북도 경산,https://kr.indeed.com/rc/clk?jk=b8a9f4e53a300650&fccid=aa11023cc66bb11b&vjs=3
웹개발  JAVA 외 신입/경력 정규직  병역특례의 전체 세부 정보,스마트디아그노시스,서울 마포구,https://kr.indeed.com/rc/clk?jk=5dbc158234b3a5c0&fccid=f4795b9234b4c245&vjs=3
[코스닥 상장사]디어유 22년 각 부문 경력의 전체 세부 정보,디어유,서울 강남구,https://kr.indeed.com/rc/clk?jk=08b59646163c5d9d&fccid=00478fdc0641d9c6&vjs=3
백엔드 경력 정규직의 전체 세부 정보,라이트비전,서울 성동구,https://kr.indeed.com/rc/clk?jk=be64cd653a15c4c9&fccid=e391d8e930358bac&vjs=3
AI Solution 서버 개발자 정규직 채용의 전체 세부 정보,삼정 KPMG,서울 강남구,https://kr.indeed.com/rc/clk?jk=93eebe353ab13da3&fccid=7651bf7c7525e8f6&vjs=3
백엔드 개발 경력직의 전체 세부 정보,외국계 대형 플랫폼사,대한민국,https://kr.indeed.com/rc/clk?jk=58dced95ce3035cd&fccid=a524028bdd057515&vjs=3
백엔드개발  IoT 시스템 데이터 플랫폼 개발자 채용의 전체 세부 정보,(주)엠마헬스케어 관심기업,성남 야탑동,https://kr.indeed.com/rc/clk?jk=214a6d00cee6b791&fccid=007358e8ed4f5a59&vjs=3
Quant Developer의 전체 세부 정보,페어스퀘어랩,서울 서초구,https://kr.indeed.com/rc/clk?jk=62fc8c800cfe585a&fccid=a637ac3721025e50&vjs=3
[위메프서비스] 서비스 백엔드 시니어 개발자의 전체 세부 정보,위메프,대한민국,https://kr.indeed.com/rc/clk?jk=fc25dbc4447778a8&fccid=2f8799a5ef214646&vjs=3
Software Architect - HSV의 전체 세부 정보,Cadence Design Systems,경기도,https://kr.indeed.com/rc/clk?jk=40f76d02de0b45f0&fccid=391006290e845887&vjs=3
백엔드 개발자의 전체 세부 정보,뉴트리션코트,서울 강남구,https://kr.indeed.com/rc/clk?jk=d621cbb75440764e&fccid=ac8ee3db34872720&vjs=3
백엔드 개발자의 전체 세부 정보,엘리스,서울 강남구,https://kr.indeed.com/rc/clk?jk=12184c9f924106e6&fccid=b00d4b329a5fe2ac&vjs=3
백엔드의 전체 세부 정보,인플루엔셜,서울 서초구,https://kr.indeed.com/rc/clk?jk=e10b2f8fba870dfc&fccid=9c4ecdf1c55834a2&vjs=3
백엔드 개발자 (경력)의 전체 세부 정보,크로스앵글,서울 역삼동,https://kr.indeed.com/rc/clk?jk=af5683389907a8c9&fccid=80db28fd17ccf3a9&vjs=3
웹 프론트엔드 개발자의 전체 세부 정보,프루팅,서울 서초구,https://kr.indeed.com/rc/clk?jk=f3814da45c7f7954&fccid=b9e07afb18613786&vjs=3
백엔드  웹개발 경력 정규직 - 스타트업/워라밸/수평문화/연봉최대협의의 전체 세부 정보,티에스커리어,안양 동안구,https://kr.indeed.com/rc/clk?jk=e03c3db92d5c1291&fccid=ac28a927b1e76676&vjs=3
엘리스 소프트웨어 교육자 인재풀 등록의 전체 세부 정보,엘리스,서울 강남구,https://kr.indeed.com/rc/clk?jk=59b4b413b7114e86&fccid=b00d4b329a5fe2ac&vjs=3
ASAP] Python 개발의 전체 세부 정보,Success Korea,서울 강남구,https://kr.indeed.com/rc/clk?jk=89171318e2b6b4d4&fccid=d29ddc820620b02e&vjs=3
[오르비스파브리카]미래지향적인 회사 창의적인 프로그래머의 전체 세부 정보,오르비스파브리카,창원 마산회원구,https://kr.indeed.com/rc/clk?jk=05266cf46dfdb4be&fccid=dbf7ffcb820fc312&vjs=3
Android  iOS 외 경력 정규직의 전체 세부 정보,인브레인에이아이,서울 금천구,https://kr.indeed.com/rc/clk?jk=27e78d108c59c27a&fccid=fcfaa1d6661c9175&vjs=3
Sr Principal Software Engineer - HSV의 전체 세부 정보,Cadence Design Systems,경기도,https://kr.indeed.com/rc/clk?jk=ff4c6872957d2eeb&fccid=391006290e845887&vjs=3
Python_Backend Engineer의 전체 세부 정보,Dunamu,서울,https://kr.indeed.com/rc/clk?jk=272637ad170fe32c&fccid=54c9c086b03b7cdc&vjs=3
MLOps 개발(Backend 분야)_경력직의 전체 세부 정보,Success Korea,대한민국,https://kr.indeed.com/rc/clk?jk=16758f7d7a66db17&fccid=d29ddc820620b02e&vjs=3
Back-end Developer (Spring  Python  MSA)의 전체 세부 정보,Success Korea,서울,https://kr.indeed.com/rc/clk?jk=d1243b4702886bbe&fccid=d29ddc820620b02e&vjs=3
